{
  "project_info": {
    "project_number": "536454043285",
    "firebase_url": "https://fir-imageupload-9bf6e-default-rtdb.firebaseio.com",
    "project_id": "fir-imageupload-9bf6e",
    "storage_bucket": "fir-imageupload-9bf6e.appspot.com"
  },
  "client": [
    {
      "client_info": {
        "mobilesdk_app_id": "1:536454043285:android:a7e20be890952eb209ed9c",
        "android_client_info": {
          "package_name": "com.example.firebaseimageupload"
        }
      },
      "oauth_client": [
        {
          "client_id": "536454043285-1qfnrg4nct5sjf6tfsqgjr2i6jaa6nft.apps.googleusercontent.com",
          "client_type": 3
        }
      ],
      "api_key": [
        {
          "current_key": "AIzaSyATx-QuGGP0CotSPV64HbCV13O79Q-eKu8"
        }
      ],
      "services": {
        "appinvite_service": {
          "other_platform_oauth_client": [
            {
              "client_id": "536454043285-1qfnrg4nct5sjf6tfsqgjr2i6jaa6nft.apps.googleusercontent.com",
              "client_type": 3
            }
          ]
        }
      }
    }
  ],
  "configuration_version": "1"
}